ID	Ingl√©s
1	\x50\x72\x65\x73\x73\x0\x25\x63\x0\x74\x6f\x0\x73\x74\x61\x72\x74
2	\x41\x72\x65\x0\x79\x6f\x75\x0\x73\x75\x72\x65\x0\x79\x6f\x75\x0\x77\x61\x6e\x74\x0\x74\x6f\x0\x65\x78\x69\x74\x0\x74\x68\x65\x0\x67\x61\x6d\x65\x3f
3	\x59\x65\x73
4	\x4e\x6f
5	
6	
7	
8	
200	\x4f\x6e\x63\x65\x0\x75\x70\x6f\x6e\x0\x61\x0\x74\x69\x6d\x65\x2026
201	\x54\x77\x6f\x0\x67\x6f\x64\x73\x0\x66\x6f\x75\x67\x68\x74\x0\x65\x61\x63\x68\x0\x6f\x74\x68\x65\x72\x0\x69\x6e\x0\x79\x6f\x75\x72\x0\x73\x6b\x79
202	\x54\x68\x65\x0\x67\x6f\x64\x0\x6f\x66\x0\x6c\x6f\x76\x65\x2e\x2e\x2e
203	\x41\x6e\x64\x0\x74\x68\x65\x0\x67\x6f\x64\x0\x6f\x66\x0\x64\x65\x61\x74\x68\x2e\x2e\x2e
204	\x54\x77\x6f\x0\x67\x72\x65\x61\x74\x0\x61\x6e\x64\x0\x70\x6f\x77\x65\x72\x66\x75\x6c\x0\x66\x6f\x78\x65\x73\x0\x77\x68\x6f\x0\x62\x69\x74\x0\x61\x6e\x64\x0\x74\x6f\x72\x65\x0\x77\x69\x74\x68\x0\x67\x6e\x61\x72\x6c\x65\x64\x0\x6d\x61\x77\x73\x2e
205	\x55\x6e\x74\x69\x6c\x0\x6f\x6e\x65\x0\x64\x61\x79\x0\x61\x0\x66\x61\x74\x61\x6c\x0\x62\x6c\x6f\x77\x0\x77\x61\x73\x0\x73\x74\x72\x75\x63\x6b\x0\x6f\x6e\x0\x64\x65\x61\x74\x68\x0\x61\x6e\x64\x0\x73\x68\x65\x0\x63\x75\x72\x6c\x65\x64\x2c\x0\x64\x65\x66\x65\x61\x74\x65\x64\x2e
206	\x4e\x6f\x77\x0\x74\x68\x65\x72\x65\x0\x69\x73\x0\x62\x75\x74\x0\x6f\x6e\x65\x0\x67\x6f\x64\x2e
207	\x4f\x75\x72\x0\x69\x6e\x64\x69\x67\x6e\x61\x6e\x74\x0\x61\x6e\x64\x0\x76\x69\x63\x69\x6f\x75\x73\x0\x67\x6f\x64\x0\x77\x68\x6f\x0\x62\x6c\x65\x65\x64\x73\x0\x72\x65\x64\x0\x62\x65\x74\x77\x65\x65\x6e\x0\x74\x68\x65\x0\x73\x74\x61\x72\x73\x2e
208	\x57\x69\x74\x68\x0\x6c\x6f\x76\x65\x0\x74\x68\x65\x0\x76\x69\x63\x74\x6f\x72\x2c\x0\x61\x6e\x64\x0\x64\x65\x61\x74\x68\x0\x64\x65\x66\x65\x61\x74\x65\x64\x2c\x0\x73\x70\x69\x72\x69\x74\x73\x0\x61\x72\x65\x0\x6e\x6f\x0\x6c\x6f\x6e\x67\x65\x72\x0\x6c\x65\x64\x0\x74\x6f\x0\x74\x68\x65\x69\x72\x0\x70\x72\x6f\x70\x65\x72\x0\x72\x65\x73\x74\x2e
209	\x54\x68\x65\x0\x64\x65\x61\x64\x0\x72\x69\x73\x65\x0\x61\x6e\x64\x0\x77\x61\x6e\x64\x65\x72\x0\x75\x6e\x64\x65\x72\x0\x68\x65\x72\x0\x6d\x69\x73\x73\x68\x61\x70\x65\x6e\x0\x62\x6f\x64\x79\x2e
210	\x45\x6d\x70\x74\x79\x0\x76\x65\x73\x73\x65\x6c\x73\x0\x72\x65\x6d\x61\x69\x6e\x0\x77\x68\x65\x72\x65\x0\x73\x6f\x75\x6c\x73\x0\x6f\x6e\x63\x65\x0\x77\x65\x72\x65\x2e
211	\x42\x6f\x6e\x65\x73\x0\x72\x65\x66\x75\x73\x65\x0\x74\x6f\x0\x73\x65\x74\x74\x6c\x65\x2e
212	\x53\x70\x69\x72\x69\x74\x73\x0\x74\x77\x69\x73\x74\x0\x61\x6e\x64\x0\x63\x68\x75\x72\x6e\x0\x69\x6e\x74\x6f\x0\x62\x65\x61\x73\x74\x73\x2e\x2e\x2e
213	\x44\x65\x73\x74\x72\x6f\x79\x69\x6e\x67\x0\x61\x6c\x6c\x0\x69\x6e\x0\x74\x68\x65\x69\x72\x0\x70\x61\x74\x68\x2e\x2e\x2e
214	\x53\x65\x65\x6b\x69\x6e\x67\x0\x61\x6e\x0\x65\x6e\x64\x0\x74\x6f\x0\x74\x68\x65\x69\x72\x0\x73\x75\x66\x66\x65\x72\x69\x6e\x67\x2e
215	\x57\x65\x0\x70\x72\x61\x79\x0\x66\x6f\x72\x0\x6c\x6f\x76\x65\x2c\x0\x66\x6f\x72\x0\x73\x68\x65\x0\x69\x73\x0\x61\x6c\x6c\x0\x74\x68\x61\x74\x0\x73\x74\x61\x6e\x64\x73\x0\x62\x65\x66\x6f\x72\x65\x0\x61\x6e\x6e\x69\x68\x69\x6c\x61\x74\x69\x6f\x6e\x2e
216	\x53\x6f\x6d\x65\x74\x69\x6d\x65\x73\x0\x74\x68\x6f\x73\x65\x0\x74\x68\x61\x74\x0\x6c\x6f\x76\x65\x0\x61\x72\x65\x0\x73\x74\x61\x69\x6e\x65\x64\x0\x72\x65\x64\x2e
217	\x4b\x69\x73\x73\x65\x64\x0\x62\x79\x0\x74\x68\x6f\x73\x65\x0\x72\x61\x62\x69\x64\x0\x61\x6e\x64\x0\x65\x6e\x64\x6c\x65\x73\x73\x0\x66\x61\x6e\x67\x73\x2e
218	\x54\x68\x65\x79\x0\x61\x72\x65\x0\x63\x68\x61\x6e\x67\x65\x64\x0\x77\x6f\x6e\x64\x72\x6f\x75\x73\x0\x62\x79\x0\x74\x68\x65\x69\x72\x0\x70\x61\x73\x73\x69\x6f\x6e\x2e
219	\x4d\x6f\x6c\x64\x65\x64\x0\x62\x79\x0\x74\x68\x65\x69\x72\x0\x73\x75\x70\x65\x72\x6e\x61\x74\x75\x72\x61\x6c\x0\x64\x65\x76\x6f\x74\x69\x6f\x6e\x2e
220	\x47\x69\x66\x74\x65\x64\x0\x77\x69\x74\x68\x0\x6f\x74\x68\x65\x72\x77\x6f\x72\x6c\x64\x6c\x79\x0\x70\x6f\x77\x65\x72\x2e
221	\x54\x68\x65\x73\x65\x0\x66\x6f\x6c\x6b\x0\x61\x72\x65\x0\x74\x68\x65\x0\x73\x69\x72\x65\x6e\x73\x0\x61\x6d\x6f\x6e\x67\x73\x74\x0\x74\x68\x65\x0\x74\x77\x69\x6c\x69\x67\x68\x74\x0\x73\x65\x61\x2e
222	\x54\x68\x65\x0\x6f\x6e\x6c\x79\x0\x68\x6f\x70\x65\x0\x66\x6f\x72\x0\x61\x0\x73\x70\x69\x72\x69\x74\x0\x74\x6f\x0\x63\x6c\x6f\x73\x65\x0\x69\x74\x73\x0\x65\x79\x65\x73\x2e
223	\x53\x6f\x6e\x67\x62\x69\x72\x64\x73\x2e
224	\x57\x68\x61\x74\x0\x64\x6f\x65\x73\x0\x69\x74\x0\x66\x65\x65\x6c\x0\x74\x6f\x0\x77\x61\x6b\x65\x0\x75\x70\x0\x73\x75\x72\x72\x6f\x75\x6e\x64\x65\x64\x0\x62\x79\x0\x61\x0\x73\x65\x61\x0\x6f\x66\x0\x63\x6f\x72\x70\x73\x65\x73\x3f
225	\x57\x68\x6f\x27\x73\x0\x74\x68\x65\x72\x65\x3f\x21
226	\x46\x72\x69\x65\x6e\x64\x73\x2e\x2e\x2e
227	\x46\x61\x6d\x69\x6c\x79\x2e\x2e\x2e
228	\x46\x6f\x6f\x6c\x73\x2e\x2e\x2e
229	\x41\x6c\x6c\x0\x72\x65\x64\x75\x63\x65\x64\x0\x74\x6f\x0\x6d\x69\x6e\x63\x65\x64\x0\x66\x6c\x65\x73\x68\x2c\x0\x62\x75\x74\x0\x75\x6e\x61\x62\x6c\x65\x0\x74\x6f\x0\x64\x69\x65\x2e\x2e\x2e
230	\x49\x73\x0\x74\x68\x69\x73\x0\x4a\x69\x67\x6f\x6b\x75\x3f\x2e\x2e\x2e
231	\x49\x0\x64\x6f\x6e\x27\x74\x0\x66\x65\x61\x72\x0\x79\x6f\x75\x0\x64\x65\x6d\x6f\x6e\x21
232	\x49\x66\x0\x66\x6f\x72\x0\x6d\x79\x0\x6b\x61\x72\x6d\x61\x2c\x0\x6d\x79\x0\x64\x65\x73\x74\x69\x6e\x79\x0\x69\x73\x0\x74\x6f\x0\x6c\x69\x76\x65\x0\x69\x6e\x0\x41\x72\x62\x75\x64\x61\x2e\x2e\x2e
233	\x53\x6f\x0\x69\x74\x27\x6c\x6c\x0\x62\x65\x21
234	\x59\x6f\x75\x0\x66\x6f\x6f\x6c\x2e\x2e\x2e
235	\x44\x65\x61\x74\x68\x0\x69\x73\x0\x6c\x6f\x6e\x67\x0\x66\x6f\x72\x67\x6f\x74\x74\x65\x6e\x2e
236	\x41\x6e\x64\x0\x49\x27\x76\x65\x0\x62\x65\x65\x6e\x0\x73\x65\x61\x72\x63\x68\x69\x6e\x67\x0\x66\x6f\x72\x0\x79\x6f\x75\x2e\x2e\x2e
237	\x52\x69\x6e\x2e\x2e\x2e
238	\x59\x6f\x75\x0\x6b\x6e\x6f\x77\x0\x6d\x65\x3f\x21
239	\x57\x68\x61\x74\x0\x64\x6f\x0\x79\x6f\x75\x0\x6b\x6e\x6f\x77\x0\x61\x62\x6f\x75\x74\x0\x6d\x65\x3f\x21
240	\x53\x6f\x6d\x65\x0\x73\x6f\x72\x74\x0\x6f\x66\x0\x66\x61\x74\x65\x0\x62\x72\x6f\x75\x67\x68\x74\x0\x6d\x65\x0\x74\x6f\x0\x79\x6f\x75\x2e
241	\x44\x6f\x0\x6e\x6f\x74\x0\x64\x69\x73\x73\x61\x70\x6f\x69\x6e\x74\x0\x6d\x65\x2e
242	\x4e\x6f\x77\x2e\x2e\x2e
243	\x4c\x65\x74\x0\x6d\x65\x0\x72\x65\x61\x64\x0\x79\x6f\x75\x0\x77\x68\x61\x74\x0\x74\x68\x65\x0\x66\x75\x74\x75\x72\x65\x0\x64\x65\x70\x61\x72\x74\x73\x2e\x2e\x2e
244	\x64\x75\x6d\x6d\x79
245	\x64\x75\x6d\x6d\x79
246	\x64\x75\x6d\x6d\x79
247	\x64\x75\x6d\x6d\x79
248	\x64\x75\x6d\x6d\x79
249	\x64\x75\x6d\x6d\x79
250	\x64\x75\x6d\x6d\x79
251	\x64\x75\x6d\x6d\x79
252	\x64\x75\x6d\x6d\x79
253	\x64\x75\x6d\x6d\x79
254	\x64\x75\x6d\x6d\x79
255	\x64\x75\x6d\x6d\x79
256	\x64\x75\x6d\x6d\x79
257	\x64\x75\x6d\x6d\x79
258	\x64\x75\x6d\x6d\x79
259	\x64\x75\x6d\x6d\x79
260	\x64\x75\x6d\x6d\x79
261	\x64\x75\x6d\x6d\x79
262	\x64\x75\x6d\x6d\x79
263	\x64\x75\x6d\x6d\x79
264	\x64\x75\x6d\x6d\x79
265	\x64\x75\x6d\x6d\x79
266	\x64\x75\x6d\x6d\x79
267	\x64\x75\x6d\x6d\x79
268	\x64\x75\x6d\x6d\x79
269	\x64\x75\x6d\x6d\x79
270	\x64\x75\x6d\x6d\x79
271	\x64\x75\x6d\x6d\x79
272	\x64\x75\x6d\x6d\x79
273	\x64\x75\x6d\x6d\x79
274	\x64\x75\x6d\x6d\x79
275	\x64\x75\x6d\x6d\x79
276	\x64\x75\x6d\x6d\x79
277	\x64\x75\x6d\x6d\x79
278	\x64\x75\x6d\x6d\x79
279	\x64\x75\x6d\x6d\x79
280	\x64\x75\x6d\x6d\x79
281	\x64\x75\x6d\x6d\x79
282	\x64\x75\x6d\x6d\x79
283	\x64\x75\x6d\x6d\x79
284	\x64\x75\x6d\x6d\x79
285	\x64\x75\x6d\x6d\x79
286	\x64\x75\x6d\x6d\x79
287	\x64\x75\x6d\x6d\x79
288	\x64\x75\x6d\x6d\x79
289	\x64\x75\x6d\x6d\x79
290	\x64\x75\x6d\x6d\x79
291	\x64\x75\x6d\x6d\x79
292	\x64\x75\x6d\x6d\x79
293	\x64\x75\x6d\x6d\x79
294	\x64\x75\x6d\x6d\x79
295	\x64\x75\x6d\x6d\x79
296	\x64\x75\x6d\x6d\x79
297	\x64\x75\x6d\x6d\x79
298	\x64\x75\x6d\x6d\x79
299	\x64\x75\x6d\x6d\x79
300	\x64\x75\x6d\x6d\x79
301	\x64\x75\x6d\x6d\x79
302	\x64\x75\x6d\x6d\x79
303	\x64\x75\x6d\x6d\x79
304	\x64\x75\x6d\x6d\x79
305	\x64\x75\x6d\x6d\x79
306	\x64\x75\x6d\x6d\x79
307	\x64\x75\x6d\x6d\x79
308	\x64\x75\x6d\x6d\x79
309	\x64\x75\x6d\x6d\x79
310	\x64\x75\x6d\x6d\x79
311	\x64\x75\x6d\x6d\x79
312	\x64\x75\x6d\x6d\x79
313	\x64\x75\x6d\x6d\x79
314	\x64\x75\x6d\x6d\x79
315	\x64\x75\x6d\x6d\x79
316	\x64\x75\x6d\x6d\x79
317	\x64\x75\x6d\x6d\x79
318	\x64\x75\x6d\x6d\x79
319	\x64\x75\x6d\x6d\x79
320	\x64\x75\x6d\x6d\x79
321	\x64\x75\x6d\x6d\x79
322	\x64\x75\x6d\x6d\x79
323	\x64\x75\x6d\x6d\x79
324	\x64\x75\x6d\x6d\x79
325	\x64\x75\x6d\x6d\x79
326	\x64\x75\x6d\x6d\x79
327	\x64\x75\x6d\x6d\x79
328	\x64\x75\x6d\x6d\x79
329	\x64\x75\x6d\x6d\x79
330	\x64\x75\x6d\x6d\x79
331	\x64\x75\x6d\x6d\x79
332	\x64\x75\x6d\x6d\x79
333	\x64\x75\x6d\x6d\x79
334	\x64\x75\x6d\x6d\x79
335	\x64\x75\x6d\x6d\x79
336	\x64\x75\x6d\x6d\x79
337	\x64\x75\x6d\x6d\x79
338	\x64\x75\x6d\x6d\x79
339	\x64\x75\x6d\x6d\x79
340	\x64\x75\x6d\x6d\x79
341	\x64\x75\x6d\x6d\x79
342	\x64\x75\x6d\x6d\x79
343	\x64\x75\x6d\x6d\x79
344	\x64\x75\x6d\x6d\x79
345	\x64\x75\x6d\x6d\x79
346	\x64\x75\x6d\x6d\x79
347	\x64\x75\x6d\x6d\x79
348	\x64\x75\x6d\x6d\x79
349	\x64\x75\x6d\x6d\x79
350	\x64\x75\x6d\x6d\x79
351	\x64\x75\x6d\x6d\x79
352	\x64\x75\x6d\x6d\x79
353	\x64\x75\x6d\x6d\x79
354	\x64\x75\x6d\x6d\x79
355	\x64\x75\x6d\x6d\x79
800	\x52\x69\x6e
801	\x54\x61\x6b\x61\x68\x61\x73\x68\x69
802	\x52\x65\x64\x0\x4d\x61\x67\x65
803	\x4d\x61\x68\x6f\x75
804	
805	
806	
807	
808	
809	
810	\x41\x6c\x69\x6e\x61
811	\x45\x6e\x65\x73\x63\x75
812	\x53\x6f\x72\x63\x65\x72\x65\x72
813	\x4d\x6f\x6c\x64\x61\x76\x69\x61\x6e
814	
815	
816	
817	
818	
819	
820	\x49\x72\x69\x6e\x61
821	\x59\x61\x73\x68\x6e\x69\x6b\x6f\x76\x61
822	\x42\x6c\x61\x63\x6b\x0\x44\x6f\x67
823	\x50\x6c\x6f\x68\x61\x79\x61
824	
825	
826	
827	
828	
829	
830	\x45\x6e\x6b\x68\x6a\x61\x72\x67\x61\x6c
831	\x54\x73\x65\x72\x65\x6e
832	\x55\x6e\x73\x65\x65\x6c\x69\x65
833	\x47\x61\x6c\x6f\x75
834	
835	
836	
837	
838	
839	
840	\x4b\x69\x79\x6f\x6b\x6f
841	\x53\x75\x7a\x75\x6b\x69
842	\x57\x68\x69\x74\x65\x0\x4d\x61\x67\x65
843	
844	
845	
846	
847	
848	
849	
850	\x48\x61\x72\x75\x6b\x61
851	\x53\x61\x74\x6f
852	\x53\x6f\x6e\x67\x62\x69\x72\x64\x0\x4d\x61\x69\x64\x65\x6e
853	
854	
855	
856	
857	
858	
859	
860	\x53\x68\x69\x6e\x6a\x69\x72\x6f
861	\x59\x61\x6d\x61\x6d\x6f\x74\x6f
862	\x56\x6f\x6c\x66\x65\x0\x4b\x6e\x69\x67\x68\x74
863	
864	
865	
866	
867	
868	
869	
870	\x44\x61\x69\x63\x68\x69
871	\x49\x73\x68\x69\x6b\x61\x77\x61
872	\x4a\x69\x6e\x78
873	
874	
875	
876	
877	
878	
879	
880	\x41
881	
882	\x54\x69\x65\x66\x6c\x69\x6e\x67
883	\x4e\x61\x6e\x61\x73\x68\x69
884	
885	
886	
887	
888	
889	
890	\x45\x6c\x65\x61\x6e\x6f\x72
891	\x2d
892	\x45\x78\x70\x65\x72\x69\x6d\x65\x6e\x74\x0\x58\x30\x39
893	
894	
895	
896	
897	
898	
899	
900	\x56\x61\x6c\x65\x73\x73\x61
901	\x2d
902	\x50\x72\x69\x6e\x63\x65\x73\x73
903	\x52\x69\x63\x6b\x79
904	
905	
906	
907	
908	
909	
910	\x57\x65\x69
911	\x4c\x69
912	\x4e\x65\x63\x72\x6f\x6d\x61\x6e\x63\x65\x72
913	\x5a\x68\x6f\x6e\x67\x0\x4b\x75\x69
914	
915	
916	
917	
918	
919	
920	
921	
922	
923	
924	
925	
926	
927	
928	
929	
930	
931	
932	
933	
934	
935	
936	
937	
938	
939	
940	
941	
942	
943	
944	
945	
946	
947	
948	
949	
950	
951	
952	
953	
954	
955	
956	
957	
958	
959	
960	
961	
962	
963	
964	
965	
966	
967	
968	
969	
970	
971	
972	
973	
974	
975	
1000	\x43\x72\x61\x62\x62\x65\x72
1001	\x43\x72\x61\x62\x62\x65\x72
1002	\x43\x72\x61\x62\x62\x79
1003	\x43\x72\x61\x62\x62\x79
1004	\x45\x67\x67\x0\x4d\x65\x64\x69\x75\x6d
1005	\x45\x67\x67\x0\x4d\x65\x64\x69\x75\x6d
1006	\x55\x72\x63\x68\x69\x6e
1007	\x55\x72\x63\x68\x69\x6e
1008	\x48\x69\x67\x68\x0\x26\x0\x42\x61\x73\x73
1009	\x48\x69\x67\x68\x0\x26\x0\x42\x61\x73\x73
1010	\x4d\x61\x64\x6e\x65\x73\x73\x0\x42\x65\x61\x72\x65\x72
1011	\x4d\x61\x64\x6e\x65\x73\x73\x0\x42\x65\x61\x72\x65\x72
1012	\x53\x6d\x61\x6c\x6c\x0\x52\x69\x73\x6b
1013	\x43\x72\x61\x62\x0\x77\x69\x74\x68\x0\x61\x0\x67\x75\x6e
1014	\x43\x72\x61\x62\x62\x65\x72\x65\x72
1015	\x43\x72\x61\x62\x62\x65\x72\x65\x72
1016	\x53\x68\x61\x72\x70\x69\x65
1017	\x53\x68\x61\x72\x70\x69\x65
1018	\x4d\x61\x72\x6b\x65\x64\x0\x43\x72\x61\x62\x62\x65\x72
1019	\x4d\x61\x72\x6b\x65\x64\x0\x43\x72\x61\x62\x62\x65\x72
1020	\x50\x61\x6e\x69\x63\x0\x42\x65\x74\x72\x61\x79\x65\x72
1021	\x50\x61\x6e\x69\x63\x0\x42\x65\x74\x72\x61\x79\x65\x72
1022	\x42\x75\x72\x6e\x6f\x75\x74
1023	\x42\x75\x72\x6e\x6f\x75\x74
1024	\x4e\x6f\x78\x69\x6f\x75\x73\x0\x50\x75\x6e\x63\x68\x65\x72
1025	\x4e\x6f\x78\x69\x6f\x75\x73\x0\x50\x75\x6e\x63\x68\x65\x72
1026	\x4c\x69\x67\x68\x74\x6e\x69\x6e\x67\x0\x53\x6e\x61\x70
1027	\x4c\x69\x67\x68\x74\x6e\x69\x6e\x67\x0\x53\x6e\x61\x70
1028	\x43\x61\x72\x63\x69\x6e\x6f\x75\x73
1029	\x43\x61\x72\x63\x69\x6e\x6f\x75\x73
1030	\x48\x6f\x72\x73\x65
1031	\x48\x6f\x72\x73\x65
1032	\x41\x72\x6d\x6f\x72\x65\x64\x0\x48\x6f\x72\x73\x65
1033	\x41\x72\x6d\x6f\x72\x65\x64\x0\x48\x6f\x72\x73\x65
1034	\x43\x75\x6c\x74\x69\x73\x74\x0\x4e\x65\x6f\x70\x68\x79\x74\x65
1035	\x43\x75\x6c\x74\x69\x73\x74\x0\x4e\x65\x6f\x70\x68\x79\x74\x65
1036	\x43\x75\x6c\x74\x69\x73\x74\x0\x44\x69\x73\x63\x69\x70\x6c\x65
1037	\x43\x75\x6c\x74\x69\x73\x74\x0\x44\x69\x73\x63\x69\x70\x6c\x65
1038	\x43\x75\x6c\x74\x69\x73\x74\x0\x50\x72\x69\x65\x73\x74
1039	\x43\x75\x6c\x74\x69\x73\x74\x0\x50\x72\x69\x65\x73\x74
1040	\x43\x75\x6c\x74\x69\x73\x74\x0\x41\x6e\x69\x6d\x61\x74\x6f\x72
1041	\x43\x75\x6c\x74\x69\x73\x74\x0\x41\x6e\x69\x6d\x61\x74\x6f\x72
1042	\x43\x75\x6c\x74\x69\x73\x74\x0\x4d\x61\x73\x74\x65\x72
1043	\x43\x75\x6c\x74\x69\x73\x74\x0\x4d\x61\x73\x74\x65\x72
1044	\x4d\x61\x72\x6b\x65\x64\x0\x43\x72\x61\x62\x62\x65\x72\x65\x72
1045	\x4d\x61\x72\x6b\x65\x64\x0\x43\x72\x61\x62\x62\x65\x72\x65\x72
1046	\xc9\x76\x61\x72\x69\x73\x74\x65
1047	\x43\x75\x6c\x74\x69\x73\x74\x0\x74\x72\x61\x6e\x73\x66\x6f\x72\x6d\x65\x64
1048	\x64\x75\x6d\x6d\x79
1049	\x64\x75\x6d\x6d\x79
1050	\x64\x75\x6d\x6d\x79
1051	\x64\x75\x6d\x6d\x79
1052	\x64\x75\x6d\x6d\x79
1053	\x64\x75\x6d\x6d\x79
1054	\x64\x75\x6d\x6d\x79
1055	\x64\x75\x6d\x6d\x79
1056	\x64\x75\x6d\x6d\x79
1057	\x64\x75\x6d\x6d\x79
1058	\x64\x75\x6d\x6d\x79
1059	\x64\x75\x6d\x6d\x79
1060	\x64\x75\x6d\x6d\x79
1061	\x64\x75\x6d\x6d\x79
1062	\x64\x75\x6d\x6d\x79
1063	\x64\x75\x6d\x6d\x79
1064	\x64\x75\x6d\x6d\x79
1065	\x64\x75\x6d\x6d\x79
1066	\x64\x75\x6d\x6d\x79
1067	\x64\x75\x6d\x6d\x79
1068	\x64\x75\x6d\x6d\x79
1069	\x64\x75\x6d\x6d\x79
2000	\x52\x75\x73\x74\x79\x0\x4b\x61\x74\x61\x6e\x61
2001	\x41\x0\x72\x75\x73\x74\x79\x0\x6f\x6c\x64\x0\x6b\x61\x74\x61\x6e\x61\x2c\x0\x75\x73\x65\x64\x0\x62\x79\x0\x79\x6f\x75\x0\x6c\x6f\x6e\x67\x0\x61\x67\x6f\x2e\x0\x48\x61\x76\x65\x0\x73\x65\x65\x6e\x0\x62\x65\x74\x74\x65\x72\x0\x64\x61\x79\x73\x2c\x0\x62\x75\x74\x0\x73\x74\x69\x6c\x6c\x0\x61\x63\x63\x6f\x6d\x70\x6c\x69\x73\x68\x65\x73\x0\x69\x74\x27\x73\x0\x70\x75\x72\x70\x6f\x75\x73\x65\x2e
2002	\x4f\x6c\x64\x0\x57\x6f\x6f\x64\x65\x6e\x0\x48\x61\x6d\x6d\x65\x72
2003	\x41\x6e\x0\x6f\x6c\x64\x0\x77\x6f\x6f\x64\x65\x6e\x0\x68\x61\x6d\x6d\x65\x72\x2c\x0\x70\x65\x72\x68\x61\x70\x73\x0\x75\x73\x65\x64\x0\x74\x69\x6d\x65\x0\x61\x67\x6f\x0\x66\x6f\x72\x0\x6d\x61\x6b\x69\x6e\x67\x0\x6d\x6f\x63\x68\x69\x2c\x0\x68\x61\x72\x64\x0\x74\x6f\x0\x72\x65\x61\x6c\x6c\x79\x0\x6b\x6e\x6f\x77\x2e
2004	\x54\x72\x61\x69\x6e\x69\x6e\x67\x0\x53\x74\x61\x66\x66
2005	\x64\x75\x6d\x6d\x79
2006	\x4f\x75\x74\x77\x6f\x72\x6e\x0\x52\x65\x76\x6f\x6c\x76\x65\x72
2007	\x64\x75\x6d\x6d\x79
2008	\x42\x72\x6f\x6b\x65\x6e\x0\x46\x61\x6e\x73
2009	\x64\x75\x6d\x6d\x79
2010	\x46\x69\x73\x68\x69\x6e\x67\x0\x53\x70\x65\x61\x72
2011	\x64\x75\x6d\x6d\x79
2012	\x4f\x6c\x64\x0\x44\x61\x67\x67\x65\x72
2013	\x64\x75\x6d\x6d\x79
2014	\x4e\x75\x6e\x63\x68\x75\x6b\x73
2015	\x64\x75\x6d\x6d\x79
2016	\x4d\x75\x73\x6b\x65\x74
2017	\x64\x75\x6d\x6d\x79
2018	\x42\x6c\x75\x6e\x64\x65\x72\x62\x75\x73\x73
2019	\x64\x75\x6d\x6d\x79
2020	\x46\x6c\x69\x6e\x74\x0\x50\x69\x73\x74\x6f\x6c
2021	\x64\x75\x6d\x6d\x79
2022	\x48\x61\x6e\x64\x0\x43\x61\x6e\x6e\x6f\x6e
2023	\x64\x75\x6d\x6d\x79
2024	\x4b\x61\x74\x61\x6e\x61
2025	\x64\x75\x6d\x6d\x79
2026	\x4b\x75\x73\x61\x72\x69\x6b\x61\x6d\x61
2027	\x64\x75\x6d\x6d\x79
2028	\x43\x61\x65\x73\x74\x75\x73
2029	\x64\x75\x6d\x6d\x79
2030	\x42\x75\x74\x63\x68\x65\x72\x27\x73\x0\x48\x61\x6d\x6d\x65\x72
2031	\x64\x75\x6d\x6d\x79
2032	\x45\x65\x6c\x73\x27\x0\x53\x74\x61\x66\x66
2033	\x64\x75\x6d\x6d\x79
2034	\x64\x75\x6d\x6d\x79
2035	\x64\x75\x6d\x6d\x79
2036	\x64\x75\x6d\x6d\x79
2037	\x64\x75\x6d\x6d\x79
2038	\x64\x75\x6d\x6d\x79
2039	\x64\x75\x6d\x6d\x79
2040	\x64\x75\x6d\x6d\x79
2041	\x64\x75\x6d\x6d\x79
2042	\x64\x75\x6d\x6d\x79
2043	\x64\x75\x6d\x6d\x79
2044	\x64\x75\x6d\x6d\x79
2045	\x64\x75\x6d\x6d\x79
2200	\x44\x69\x72\x74\x79\x0\x43\x6c\x6f\x74\x68\x65\x73
2201	\x42\x61\x73\x69\x63\x0\x52\x69\x6e\x0\x41\x72\x6d\x6f\x72
2202	\x4f\x6c\x64\x0\x43\x61\x70\x65
2203	\x41\x6c\x69\x6e\x61\x0\x42\x61\x73\x69\x63\x0\x61\x72\x6d\x6f\x72
2204	\x53\x74\x61\x69\x6e\x65\x64\x0\x55\x6e\x69\x66\x6f\x72\x6d
2205	\x49\x72\x69\x6e\x61\x73\x0\x41\x72\x6d\x6f\x72
2206	\x54\x61\x74\x74\x65\x72\x65\x64\x0\x43\x6c\x6f\x74\x68\x69\x6e\x67
2207	\x45\x6e\x6b\x68\x6a\x61\x67\x61\x6c\x0\x61\x72\x6d\x6f\x72
2208	\x43\x65\x72\x65\x6d\x6f\x6e\x69\x61\x6c\x0\x52\x6f\x62\x65\x73
2209	\x4b\x69\x79\x6f\x6b\x6f\x0\x61\x72\x6d\x6f\x72
2210	\x54\x72\x61\x64\x69\x74\x69\x6f\x6e\x61\x6c\x0\x43\x6c\x6f\x74\x68\x65\x73
2211	\x48\x61\x72\x75\x6b\x61\x0\x61\x72\x6d\x6f\x72
2212	\x52\x75\x73\x74\x79\x0\x41\x72\x6d\x6f\x72
2213	\x53\x68\x69\x6e\x6a\x69\x72\x6f\x0\x61\x72\x6d\x6f\x72
2214	
2215	\x44\x61\x69\x63\x68\x69\x0\x61\x72\x6d\x6f\x72
2400	\x4c\x75\x78\x75\x72\x69\x6f\x75\x73\x0\x47\x65\x6d
2401	\x64\x75\x6d\x6d\x79
2402	\x64\x75\x6d\x6d\x79
2403	\x64\x75\x6d\x6d\x79
2404	\x64\x75\x6d\x6d\x79
2405	\x64\x75\x6d\x6d\x79
2406	\x64\x75\x6d\x6d\x79
2407	\x64\x75\x6d\x6d\x79
3000	\x46\x72\x6f\x6e\x74\x0\x53\x6c\x61\x73\x68
3001	\x43\x75\x74\x0\x74\x68\x72\x6f\x75\x67\x68\x0\x61\x67\x61\x69\x6e\x73\x74\x0\x74\x68\x65\x0\x66\x72\x6f\x6e\x74\x0\x74\x61\x72\x67\x65\x74\x2c\x0\x64\x65\x61\x6c\x69\x6e\x67\x0\x31\x64\x36\x0\x2b\x0\x25\x64\x0\x73\x6c\x61\x73\x68\x69\x6e\x67\x0\x64\x61\x6d\x61\x67\x65\x2e
3002	\x51\x75\x69\x63\x6b\x0\x53\x6c\x61\x73\x68
3003	\x51\x75\x69\x63\x6b\x6c\x79\x0\x73\x6c\x61\x73\x68\x0\x61\x67\x61\x69\x6e\x73\x74\x0\x74\x68\x65\x0\x66\x72\x6f\x6e\x74\x2c\x0\x72\x69\x67\x68\x74\x0\x61\x6e\x64\x0\x6c\x65\x66\x74\x0\x74\x61\x72\x67\x65\x74\x2c\x0\x64\x65\x61\x6c\x69\x6e\x67\x0\x31\x64\x36\x0\x73\x6c\x61\x73\x68\x69\x6e\x67\x0\x64\x61\x6d\x61\x67\x65\x2e
3004	\x44\x65\x66\x65\x6e\x73\x69\x76\x65\x0\x50\x6f\x73\x74\x75\x72\x65
3005	\x48\x6f\x6c\x64\x0\x61\x0\x64\x65\x66\x65\x6e\x73\x69\x76\x65\x0\x73\x74\x61\x6e\x64\x2c\x0\x67\x61\x69\x6e\x69\x6e\x67\x0\x25\x64\x0\x61\x73\x0\x73\x68\x69\x65\x6c\x64\x2e
3006	\x45\x76\x61\x73\x69\x76\x65\x0\x50\x6f\x73\x74\x75\x72\x65
3007	\x48\x6f\x6c\x64\x0\x61\x6e\x0\x65\x76\x61\x73\x69\x76\x65\x0\x73\x74\x61\x6e\x64\x2c\x0\x67\x61\x69\x6e\x69\x6e\x67\x0\x25\x64\x0\x61\x73\x0\x73\x68\x69\x65\x6c\x64\x2e
3008	\x48\x61\x72\x64\x0\x53\x77\x69\x70\x65
3009	\x64\x75\x6d\x6d\x79
3010	\x48\x65\x61\x76\x79\x0\x42\x6f\x6e\x6b
3011	\x64\x75\x6d\x6d\x79
3012	
3013	
3014	
3015	
3016	
3017	
3018	
3019	
3020	
3021	
3022	
3023	
3024	
3025	
3026	
3027	
3028	
3029	
3030	
3031	
3032	
3033	
3034	
3035	
3036	
3037	
3038	
3039	
3040	
3041	
3042	
3043	
3044	
3045	
3046	
3047	
3048	
3049	
3050	
3051	
3052	
3053	
3054	
3055	
3056	
3057	
3058	
3059	
3060	
3061	
3062	
3063	
3064	
3065	
3066	
3067	
3068	
3069	
3070	
3071	
3072	
3073	
3074	
3075	
3076	
3077	
3078	
3079	
3080	
3081	
3082	
3083	
3084	
3085	
3086	
3087	
3088	
3089	
3090	
3091	
3092	
3093	
3094	
3095	
3096	
3097	
3098	
3099	
3100	
3101	
3102	
3103	
3104	
3105	
3106	
3107	
3108	
3109	
3110	
3111	
3112	
3113	
3114	
3115	
3116	
3117	
3118	
3119	
3120	
3121	
3122	
3123	
3124	
3125	
3126	
3127	
3128	\x52\x65\x74\x61\x6c\x69\x61\x74\x65
3129	\x57\x68\x65\x6e\x0\x79\x6f\x75\x0\x6c\x6f\x73\x65\x0\x48\x50\x2c\x0\x79\x6f\x75\x0\x63\x61\x6e\x0\x73\x70\x65\x6e\x64\x0\x31\x0\x6d\x6f\x72\x65\x0\x74\x6f\x0\x64\x65\x61\x6c\x0\x74\x68\x65\x0\x64\x61\x6d\x61\x67\x65\x0\x62\x61\x63\x6b\x0\x74\x68\x65\x0\x66\x72\x6f\x6e\x74\x0\x74\x61\x72\x67\x65\x74\x2e
3130	\x54\x72\x61\x6e\x73\x66\x75\x73\x65
3131	\x57\x68\x65\x6e\x0\x79\x6f\x75\x0\x6c\x6f\x73\x65\x0\x48\x50\x2c\x0\x79\x6f\x75\x0\x63\x61\x6e\x0\x73\x70\x65\x6e\x64\x0\x31\x0\x6d\x6f\x72\x65\x0\x74\x6f\x0\x68\x65\x61\x6c\x0\x68\x61\x6c\x66\x0\x6f\x66\x0\x74\x68\x61\x74\x0\x64\x61\x6d\x61\x67\x65\x0\x74\x6f\x0\x74\x68\x65\x0\x6c\x65\x66\x74\x0\x61\x6e\x64\x0\x72\x69\x67\x68\x74\x0\x61\x6c\x6c\x79\x2e
3132	\x53\x68\x61\x72\x70\x65\x6e
3133	\x64\x75\x6d\x6d\x79
3134	\x47\x75\x69\x6c\x6c\x6f\x74\x69\x6e\x65
3135	\x64\x75\x6d\x6d\x79
3136	\x49\x72\x6f\x6e\x0\x4d\x61\x69\x64\x65\x6e
3137	\x64\x75\x6d\x6d\x79
3138	\x56\x69\x72\x74\x75\x6f\x75\x73\x0\x53\x63\x61\x72\x6c\x65\x74
3139	\x64\x75\x6d\x6d\x79
3140	\x53\x74\x69\x6c\x6c\x0\x4c\x69\x66\x65
3141	\x64\x75\x6d\x6d\x79
3142	\x42\x6c\x6f\x6f\x64\x0\x69\x6e\x0\x74\x68\x65\x0\x57\x61\x74\x65\x72
3143	\x64\x75\x6d\x6d\x79
3144	\x53\x65\x6e\x73\x69\x74\x69\x76\x69\x74\x79
3145	\x64\x75\x6d\x6d\x79
3146	\x52\x65\x64\x0\x53\x74\x72\x69\x6e\x67\x73
3147	\x64\x75\x6d\x6d\x79
3148	\x4c\x61\x73\x74\x0\x53\x74\x61\x6e\x64
3149	\x4d\x61\x72\x6b\x0\x61\x0\x53\x74\x72\x65\x73\x73\x0\x74\x6f\x0\x67\x72\x61\x6e\x74\x0\x79\x6f\x75\x72\x73\x65\x6c\x66\x0\x61\x0\x64\x31\x30\x0\x48\x50\x0\x61\x73\x0\x61\x72\x6d\x6f\x72\x2e
3150	\x4e\x65\x63\x72\x6f\x73\x69\x73
3151	\x45\x78\x70\x65\x6e\x64\x0\x61\x0\x64\x31\x30\x0\x48\x50\x0\x74\x6f\x0\x70\x6f\x69\x73\x6f\x6e\x0\x61\x6e\x79\x6f\x6e\x65\x0\x79\x6f\x75\x0\x63\x61\x6e\x0\x73\x65\x65\x2e\x0\x54\x68\x65\x0\x70\x6f\x69\x73\x6f\x6e\x0\x6c\x61\x73\x74\x73\x0\x75\x6e\x74\x69\x6c\x0\x79\x6f\x75\x0\x72\x65\x67\x61\x69\x6e\x0\x48\x50\x0\x6f\x72\x0\x75\x6e\x74\x69\x6c\x0\x79\x6f\x75\x0\x64\x69\x65\x2e
3152	\x52\x61\x77\x0\x46\x6c\x65\x73\x68
3153	\x4d\x61\x72\x6b\x0\x61\x0\x53\x74\x72\x65\x73\x73\x0\x74\x6f\x0\x65\x78\x70\x6f\x73\x65\x0\x61\x0\x77\x65\x61\x6b\x0\x70\x6f\x69\x6e\x74\x0\x6f\x66\x0\x73\x6f\x6d\x65\x6f\x6e\x65\x2c\x0\x69\x67\x6e\x6f\x72\x69\x6e\x67\x0\x74\x68\x65\x69\x72\x0\x61\x72\x6d\x6f\x72\x2e\x0\x4c\x61\x73\x74\x73\x0\x75\x6e\x74\x69\x6c\x0\x79\x6f\x75\x0\x67\x65\x74\x0\x68\x75\x72\x74\x2e
3154	\x64\x75\x6d\x6d\x79
3155	\x64\x75\x6d\x6d\x79
3156	\x64\x75\x6d\x6d\x79
3157	\x64\x75\x6d\x6d\x79
3158	\x64\x75\x6d\x6d\x79
3159	\x64\x75\x6d\x6d\x79
3160	\x64\x75\x6d\x6d\x79
3161	\x64\x75\x6d\x6d\x79
3162	\x64\x75\x6d\x6d\x79
3163	\x64\x75\x6d\x6d\x79
3164	\x64\x75\x6d\x6d\x79
3165	\x64\x75\x6d\x6d\x79
3166	\x64\x75\x6d\x6d\x79
3167	\x64\x75\x6d\x6d\x79
3168	\x64\x75\x6d\x6d\x79
3169	\x64\x75\x6d\x6d\x79
3170	\x64\x75\x6d\x6d\x79
3171	\x64\x75\x6d\x6d\x79
3172	\x64\x75\x6d\x6d\x79
3173	\x64\x75\x6d\x6d\x79
3174	\x64\x75\x6d\x6d\x79
3175	\x64\x75\x6d\x6d\x79
3176	\x64\x75\x6d\x6d\x79
3177	\x64\x75\x6d\x6d\x79
3178	\x64\x75\x6d\x6d\x79
3179	\x64\x75\x6d\x6d\x79
3180	\x64\x75\x6d\x6d\x79
3181	\x64\x75\x6d\x6d\x79
3182	\x64\x75\x6d\x6d\x79
3183	\x64\x75\x6d\x6d\x79
3184	\x64\x75\x6d\x6d\x79
3185	\x64\x75\x6d\x6d\x79
3186	\x64\x75\x6d\x6d\x79
3187	\x64\x75\x6d\x6d\x79
3188	\x64\x75\x6d\x6d\x79
3189	\x64\x75\x6d\x6d\x79
3190	\x64\x75\x6d\x6d\x79
3191	\x64\x75\x6d\x6d\x79
3192	\x64\x75\x6d\x6d\x79
3193	\x64\x75\x6d\x6d\x79
3194	\x64\x75\x6d\x6d\x79
3195	\x64\x75\x6d\x6d\x79
3196	\x64\x75\x6d\x6d\x79
3197	\x64\x75\x6d\x6d\x79
3198	\x64\x75\x6d\x6d\x79
3199	\x64\x75\x6d\x6d\x79
3200	\x64\x75\x6d\x6d\x79
3201	\x64\x75\x6d\x6d\x79
3202	\x64\x75\x6d\x6d\x79
3203	\x64\x75\x6d\x6d\x79
3204	\x64\x75\x6d\x6d\x79
3205	\x64\x75\x6d\x6d\x79
3206	\x64\x75\x6d\x6d\x79
3207	\x64\x75\x6d\x6d\x79
3208	\x64\x75\x6d\x6d\x79
3209	\x64\x75\x6d\x6d\x79
3210	\x64\x75\x6d\x6d\x79
3211	\x64\x75\x6d\x6d\x79
3212	\x64\x75\x6d\x6d\x79
3213	\x64\x75\x6d\x6d\x79
3214	\x64\x75\x6d\x6d\x79
3215	\x64\x75\x6d\x6d\x79
3216	\x64\x75\x6d\x6d\x79
3217	\x64\x75\x6d\x6d\x79
3218	\x64\x75\x6d\x6d\x79
3219	\x64\x75\x6d\x6d\x79
3220	\x64\x75\x6d\x6d\x79
3221	\x64\x75\x6d\x6d\x79
3222	\x64\x75\x6d\x6d\x79
3223	\x64\x75\x6d\x6d\x79
3224	\x64\x75\x6d\x6d\x79
3225	\x64\x75\x6d\x6d\x79
3226	\x64\x75\x6d\x6d\x79
3227	\x64\x75\x6d\x6d\x79
3228	\x64\x75\x6d\x6d\x79
3229	\x64\x75\x6d\x6d\x79
3230	\x64\x75\x6d\x6d\x79
3231	\x64\x75\x6d\x6d\x79
3232	\x64\x75\x6d\x6d\x79
3233	\x64\x75\x6d\x6d\x79
3234	\x64\x75\x6d\x6d\x79
3235	\x64\x75\x6d\x6d\x79
3236	\x64\x75\x6d\x6d\x79
3237	\x64\x75\x6d\x6d\x79
3238	\x64\x75\x6d\x6d\x79
3239	\x64\x75\x6d\x6d\x79
3240	\x64\x75\x6d\x6d\x79
3241	\x64\x75\x6d\x6d\x79
3242	\x64\x75\x6d\x6d\x79
3243	\x64\x75\x6d\x6d\x79
3244	\x64\x75\x6d\x6d\x79
3245	\x64\x75\x6d\x6d\x79
3246	\x64\x75\x6d\x6d\x79
3247	\x64\x75\x6d\x6d\x79
3248	\x64\x75\x6d\x6d\x79
3249	\x64\x75\x6d\x6d\x79
3250	\x64\x75\x6d\x6d\x79
3251	\x64\x75\x6d\x6d\x79
3252	\x64\x75\x6d\x6d\x79
3253	\x64\x75\x6d\x6d\x79
3254	\x64\x75\x6d\x6d\x79
3255	\x64\x75\x6d\x6d\x79
3256	\x64\x75\x6d\x6d\x79
3257	\x64\x75\x6d\x6d\x79
3258	\x64\x75\x6d\x6d\x79
3259	\x64\x75\x6d\x6d\x79
3260	\x64\x75\x6d\x6d\x79
3261	\x64\x75\x6d\x6d\x79
3262	\x64\x75\x6d\x6d\x79
3263	\x64\x75\x6d\x6d\x79
3264	\x64\x75\x6d\x6d\x79
3265	\x64\x75\x6d\x6d\x79
3266	\x64\x75\x6d\x6d\x79
3267	\x64\x75\x6d\x6d\x79
3268	\x64\x75\x6d\x6d\x79
3269	\x64\x75\x6d\x6d\x79
3270	\x64\x75\x6d\x6d\x79
3271	\x64\x75\x6d\x6d\x79
3272	\x64\x75\x6d\x6d\x79
3273	\x64\x75\x6d\x6d\x79
3274	\x64\x75\x6d\x6d\x79
3275	\x64\x75\x6d\x6d\x79
3276	\x64\x75\x6d\x6d\x79
3277	\x64\x75\x6d\x6d\x79
3278	\x64\x75\x6d\x6d\x79
3279	\x64\x75\x6d\x6d\x79
3280	\x64\x75\x6d\x6d\x79
3281	\x64\x75\x6d\x6d\x79
3282	\x64\x75\x6d\x6d\x79
3283	\x64\x75\x6d\x6d\x79
3284	\x64\x75\x6d\x6d\x79
3285	\x64\x75\x6d\x6d\x79
3286	\x64\x75\x6d\x6d\x79
3287	\x64\x75\x6d\x6d\x79
3288	\x64\x75\x6d\x6d\x79
3289	\x64\x75\x6d\x6d\x79
3290	\x64\x75\x6d\x6d\x79
3291	\x64\x75\x6d\x6d\x79
3292	\x64\x75\x6d\x6d\x79
3293	\x64\x75\x6d\x6d\x79
3294	\x64\x75\x6d\x6d\x79
3295	\x64\x75\x6d\x6d\x79
3296	\x64\x75\x6d\x6d\x79
3297	\x64\x75\x6d\x6d\x79
3298	\x64\x75\x6d\x6d\x79
3299	\x64\x75\x6d\x6d\x79
3300	\x64\x75\x6d\x6d\x79
3301	\x64\x75\x6d\x6d\x79
3302	\x64\x75\x6d\x6d\x79
3303	\x64\x75\x6d\x6d\x79
3304	\x64\x75\x6d\x6d\x79
3305	\x64\x75\x6d\x6d\x79
3306	\x64\x75\x6d\x6d\x79
3307	\x64\x75\x6d\x6d\x79
3308	\x64\x75\x6d\x6d\x79
3309	\x64\x75\x6d\x6d\x79
3310	\x64\x75\x6d\x6d\x79
3311	\x64\x75\x6d\x6d\x79
3312	\x64\x75\x6d\x6d\x79
3313	\x64\x75\x6d\x6d\x79
3314	\x64\x75\x6d\x6d\x79
3315	\x64\x75\x6d\x6d\x79
3316	\x64\x75\x6d\x6d\x79
3317	\x64\x75\x6d\x6d\x79
3318	\x64\x75\x6d\x6d\x79
3319	\x64\x75\x6d\x6d\x79
3320	\x64\x75\x6d\x6d\x79
3321	\x64\x75\x6d\x6d\x79
3322	\x64\x75\x6d\x6d\x79
3323	\x64\x75\x6d\x6d\x79
3324	\x64\x75\x6d\x6d\x79
3325	\x64\x75\x6d\x6d\x79
3326	\x64\x75\x6d\x6d\x79
3327	\x64\x75\x6d\x6d\x79
3328	\x64\x75\x6d\x6d\x79
3329	\x64\x75\x6d\x6d\x79
3330	\x64\x75\x6d\x6d\x79
3331	\x64\x75\x6d\x6d\x79
3332	\x64\x75\x6d\x6d\x79
3333	\x64\x75\x6d\x6d\x79
3334	\x64\x75\x6d\x6d\x79
3335	\x64\x75\x6d\x6d\x79
3336	\x64\x75\x6d\x6d\x79
3337	\x64\x75\x6d\x6d\x79
3338	\x64\x75\x6d\x6d\x79
3339	\x64\x75\x6d\x6d\x79
3340	\x64\x75\x6d\x6d\x79
3341	\x64\x75\x6d\x6d\x79
3342	\x64\x75\x6d\x6d\x79
3343	\x64\x75\x6d\x6d\x79
3344	\x64\x75\x6d\x6d\x79
3345	\x64\x75\x6d\x6d\x79
3346	\x64\x75\x6d\x6d\x79
3347	\x64\x75\x6d\x6d\x79
3348	\x64\x75\x6d\x6d\x79
3349	\x64\x75\x6d\x6d\x79
3350	\x64\x75\x6d\x6d\x79
3351	\x64\x75\x6d\x6d\x79
3352	\x64\x75\x6d\x6d\x79
3353	\x64\x75\x6d\x6d\x79
3354	\x64\x75\x6d\x6d\x79
3355	\x64\x75\x6d\x6d\x79
3356	\x64\x75\x6d\x6d\x79
3357	\x64\x75\x6d\x6d\x79
3358	\x64\x75\x6d\x6d\x79
3359	\x64\x75\x6d\x6d\x79
3360	\x64\x75\x6d\x6d\x79
3361	\x64\x75\x6d\x6d\x79
3362	\x64\x75\x6d\x6d\x79
3363	\x64\x75\x6d\x6d\x79
3364	\x64\x75\x6d\x6d\x79
3365	\x64\x75\x6d\x6d\x79
3366	\x64\x75\x6d\x6d\x79
3367	\x64\x75\x6d\x6d\x79
3368	\x64\x75\x6d\x6d\x79
3369	\x64\x75\x6d\x6d\x79
3370	\x64\x75\x6d\x6d\x79
3371	\x64\x75\x6d\x6d\x79
3372	\x64\x75\x6d\x6d\x79
3373	\x64\x75\x6d\x6d\x79
3374	\x64\x75\x6d\x6d\x79
3375	\x64\x75\x6d\x6d\x79
3376	\x64\x75\x6d\x6d\x79
3377	\x64\x75\x6d\x6d\x79
3378	\x64\x75\x6d\x6d\x79
3379	\x64\x75\x6d\x6d\x79
3380	\x64\x75\x6d\x6d\x79
3381	\x64\x75\x6d\x6d\x79
3382	\x64\x75\x6d\x6d\x79
3383	\x64\x75\x6d\x6d\x79
3384	\x64\x75\x6d\x6d\x79
3385	\x64\x75\x6d\x6d\x79
3386	\x64\x75\x6d\x6d\x79
3387	\x64\x75\x6d\x6d\x79
3388	\x64\x75\x6d\x6d\x79
3389	\x64\x75\x6d\x6d\x79
3390	\x64\x75\x6d\x6d\x79
3391	\x64\x75\x6d\x6d\x79
3392	\x64\x75\x6d\x6d\x79
3393	\x64\x75\x6d\x6d\x79
3394	\x64\x75\x6d\x6d\x79
3395	\x64\x75\x6d\x6d\x79
3396	\x64\x75\x6d\x6d\x79
3397	\x64\x75\x6d\x6d\x79
3398	\x48\x69\x64\x65\x6f\x75\x73\x0\x43\x6c\x61\x77
3399	\x50\x69\x63\x68\x0\x77\x69\x74\x68\x0\x76\x69\x6f\x6c\x65\x6e\x63\x65\x0\x61\x67\x61\x69\x6e\x73\x74\x0\x74\x68\x65\x0\x66\x72\x6f\x6e\x74\x0\x74\x61\x72\x67\x65\x74\x2c\x0\x64\x65\x61\x6c\x69\x6e\x67\x0\x31\x64\x38\x0\x2b\x0\x25\x64\x0\x73\x6c\x61\x73\x68\x69\x6e\x67\x0\x64\x61\x6d\x61\x67\x65\x2e
3400	\x43\x72\x6f\x73\x73\x0\x50\x69\x65\x72\x63\x65\x0\x43\x6c\x61\x77
3401	\x50\x69\x63\x68\x0\x77\x69\x74\x68\x0\x76\x69\x6f\x6c\x65\x6e\x63\x65\x0\x61\x67\x61\x69\x6e\x73\x74\x0\x74\x68\x65\x0\x72\x69\x67\x68\x74\x0\x61\x6e\x64\x0\x6c\x65\x66\x74\x0\x74\x61\x72\x67\x65\x74\x2c\x0\x64\x65\x61\x6c\x69\x6e\x67\x0\x31\x64\x36\x0\x2b\x0\x25\x64\x0\x70\x69\x65\x72\x63\x69\x6e\x67\x0\x64\x61\x6d\x61\x67\x65\x2e
3402	\x4b\x65\x65\x70\x0\x74\x68\x65\x0\x43\x79\x63\x6c\x65
3403	\x49\x6e\x0\x61\x0\x67\x72\x6f\x74\x65\x73\x71\x75\x65\x0\x72\x69\x74\x75\x61\x6c\x2c\x0\x77\x69\x74\x68\x0\x75\x6e\x73\x65\x74\x74\x6c\x69\x6e\x67\x0\x6d\x6f\x76\x65\x6d\x65\x6e\x74\x73\x2c\x0\x6c\x61\x79\x0\x61\x0\x53\x6d\x61\x6c\x6c\x0\x45\x67\x67\x0\x69\x66\x0\x65\x6e\x6f\x75\x67\x68\x0\x73\x70\x61\x63\x65\x0\x69\x73\x0\x66\x72\x65\x65\x2e
3404	\x43\x61\x75\x73\x74\x69\x63\x0\x49\x6e\x73\x69\x64\x65\x73
3405	\x50\x75\x6b\x65\x0\x6f\x75\x74\x0\x79\x6f\x75\x72\x0\x6f\x6c\x64\x0\x73\x65\x6c\x66\x0\x61\x67\x61\x69\x6e\x73\x74\x0\x74\x68\x65\x0\x66\x72\x6f\x6e\x74\x0\x74\x61\x72\x67\x65\x74\x2c\x0\x64\x65\x61\x6c\x69\x6e\x67\x0\x31\x64\x31\x32\x0\x2b\x0\x25\x64\x0\x61\x63\x69\x64\x0\x64\x61\x6d\x61\x67\x65\x2e
3406	\x53\x61\x6c\x74\x79\x0\x54\x65\x61\x72\x73
3407	\x43\x72\x79\x0\x74\x6f\x0\x66\x72\x65\x61\x6b\x0\x6f\x75\x74\x0\x74\x68\x65\x0\x66\x72\x6f\x6e\x74\x0\x74\x61\x72\x67\x65\x74\x2c\x0\x72\x65\x64\x75\x63\x69\x6e\x67\x0\x61\x6c\x6c\x0\x74\x68\x65\x69\x72\x0\x72\x6f\x6c\x6c\x0\x62\x6f\x6e\x75\x73\x65\x73\x0\x62\x79\x0\x31\x2e
3408	\x53\x6d\x61\x6c\x6c\x0\x43\x6c\x61\x77
3409	\x53\x6f\x66\x74\x0\x70\x69\x6e\x63\x68\x0\x61\x67\x61\x69\x6e\x73\x74\x0\x74\x68\x65\x0\x66\x72\x6f\x6e\x74\x0\x74\x61\x72\x67\x65\x74\x2c\x0\x64\x65\x61\x6c\x69\x6e\x67\x0\x31\x64\x34\x0\x2b\x0\x25\x64\x0\x73\x6c\x61\x73\x68\x69\x6e\x67\x0\x64\x61\x6d\x61\x67\x65\x2e
3410	\x52\x69\x73\x65\x0\x61\x6e\x64\x0\x53\x68\x69\x6e\x65
3411	\x42\x72\x65\x61\x6b\x0\x74\x68\x65\x0\x65\x67\x67\x2c\x0\x73\x74\x65\x70\x0\x69\x6e\x74\x6f\x0\x74\x68\x69\x73\x0\x6e\x65\x77\x0\x77\x6f\x72\x6c\x64\x2c\x0\x72\x69\x73\x65\x0\x61\x6e\x64\x0\x73\x68\x69\x6e\x65\x0\x6c\x69\x74\x74\x6c\x65\x0\x6f\x6e\x65\x21\x0\x57\x65\x6c\x63\x6f\x6d\x65\x0\x74\x6f\x0\x68\x65\x6c\x6c\x2e\x0
3412	\x42\x6f\x64\x79\x0\x53\x6c\x61\x6d
3413	\x64\x75\x6d\x6d\x79
3414	\x49\x63\x65\x0\x52\x69\x6d\x65
3415	\x64\x75\x6d\x6d\x79
3416	\x46\x69\x72\x65\x0\x42\x6f\x6c\x74
3417	\x64\x75\x6d\x6d\x79
3418	\x52\x65\x70\x72\x65\x73\x73\x69\x6f\x6e
3419	\x64\x75\x6d\x6d\x79
3420	\x46\x72\x6f\x73\x74\x62\x69\x74\x65
3421	\x64\x75\x6d\x6d\x79
3422	\x43\x68\x61\x72\x6d
3423	\x64\x75\x6d\x6d\x79
3424	\x53\x77\x69\x70\x65\x0\x74\x6f\x0\x74\x68\x65\x0\x52\x69\x67\x68\x74
3425	\x64\x75\x6d\x6d\x79
3426	\x53\x77\x69\x70\x65\x0\x74\x6f\x0\x74\x68\x65\x0\x4c\x65\x66\x74
3427	\x64\x75\x6d\x6d\x79
3428	\x42\x72\x65\x61\x6b\x0\x74\x68\x65\x0\x43\x79\x63\x6c\x65
3429	\x64\x75\x6d\x6d\x79
3430	\x64\x75\x6d\x6d\x79
3431	\x64\x75\x6d\x6d\x79
3432	\x64\x75\x6d\x6d\x79
3433	\x64\x75\x6d\x6d\x79
3434	\x64\x75\x6d\x6d\x79
3435	\x64\x75\x6d\x6d\x79
3436	\x64\x75\x6d\x6d\x79
3437	\x64\x75\x6d\x6d\x79
3438	\x64\x75\x6d\x6d\x79
3439	\x64\x75\x6d\x6d\x79
3440	\x64\x75\x6d\x6d\x79
3441	\x64\x75\x6d\x6d\x79
3442	\x64\x75\x6d\x6d\x79
3443	\x64\x75\x6d\x6d\x79
3444	\x64\x75\x6d\x6d\x79
3445	\x64\x75\x6d\x6d\x79
3446	\x64\x75\x6d\x6d\x79
3447	\x64\x75\x6d\x6d\x79
3448	\x64\x75\x6d\x6d\x79
3449	\x64\x75\x6d\x6d\x79
3450	\x64\x75\x6d\x6d\x79
3451	\x64\x75\x6d\x6d\x79
3452	\x64\x75\x6d\x6d\x79
3453	\x64\x75\x6d\x6d\x79
3454	\x64\x75\x6d\x6d\x79
3455	\x64\x75\x6d\x6d\x79
3456	\x64\x75\x6d\x6d\x79
3457	\x64\x75\x6d\x6d\x79
3458	\x64\x75\x6d\x6d\x79
3459	\x64\x75\x6d\x6d\x79
3460	\x64\x75\x6d\x6d\x79
3461	\x64\x75\x6d\x6d\x79
3462	\x64\x75\x6d\x6d\x79
3463	\x64\x75\x6d\x6d\x79
3464	\x64\x75\x6d\x6d\x79
3465	\x64\x75\x6d\x6d\x79
3466	\x64\x75\x6d\x6d\x79
3467	\x64\x75\x6d\x6d\x79
3468	\x64\x75\x6d\x6d\x79
3469	\x64\x75\x6d\x6d\x79
3470	\x64\x75\x6d\x6d\x79
3471	\x64\x75\x6d\x6d\x79
3472	\x64\x75\x6d\x6d\x79
3473	\x64\x75\x6d\x6d\x79
3474	\x64\x75\x6d\x6d\x79
3475	\x64\x75\x6d\x6d\x79
3476	\x64\x75\x6d\x6d\x79
3477	\x64\x75\x6d\x6d\x79
3478	\x64\x75\x6d\x6d\x79
3479	\x64\x75\x6d\x6d\x79
3480	\x64\x75\x6d\x6d\x79
3481	\x64\x75\x6d\x6d\x79
3482	\x64\x75\x6d\x6d\x79
3483	\x64\x75\x6d\x6d\x79
3484	\x64\x75\x6d\x6d\x79
3485	\x64\x75\x6d\x6d\x79
3486	\x64\x75\x6d\x6d\x79
3487	\x64\x75\x6d\x6d\x79
3488	\x64\x75\x6d\x6d\x79
3489	\x64\x75\x6d\x6d\x79
3490	\x64\x75\x6d\x6d\x79
3491	\x64\x75\x6d\x6d\x79
3492	\x64\x75\x6d\x6d\x79
3493	\x64\x75\x6d\x6d\x79
3494	\x64\x75\x6d\x6d\x79
3495	\x64\x75\x6d\x6d\x79
3496	\x64\x75\x6d\x6d\x79
3497	\x64\x75\x6d\x6d\x79
3498	\x64\x75\x6d\x6d\x79
3499	\x64\x75\x6d\x6d\x79
3500	\x64\x75\x6d\x6d\x79
3501	\x64\x75\x6d\x6d\x79
3502	\x64\x75\x6d\x6d\x79
3503	\x64\x75\x6d\x6d\x79
3504	\x64\x75\x6d\x6d\x79
3505	\x64\x75\x6d\x6d\x79
3506	\x64\x75\x6d\x6d\x79
3507	\x64\x75\x6d\x6d\x79
3508	\x64\x75\x6d\x6d\x79
3509	\x64\x75\x6d\x6d\x79
3510	\x64\x75\x6d\x6d\x79
3511	\x64\x75\x6d\x6d\x79
3512	\x64\x75\x6d\x6d\x79
3513	\x64\x75\x6d\x6d\x79
3514	\x64\x75\x6d\x6d\x79
3515	\x64\x75\x6d\x6d\x79
3516	\x64\x75\x6d\x6d\x79
3517	\x64\x75\x6d\x6d\x79
3518	\x64\x75\x6d\x6d\x79
3519	\x64\x75\x6d\x6d\x79
3520	\x64\x75\x6d\x6d\x79
3521	\x64\x75\x6d\x6d\x79
3522	\x64\x75\x6d\x6d\x79
3523	\x64\x75\x6d\x6d\x79
3524	\x64\x75\x6d\x6d\x79
3525	\x64\x75\x6d\x6d\x79
3526	\x64\x75\x6d\x6d\x79
3527	\x64\x75\x6d\x6d\x79
3528	\x64\x75\x6d\x6d\x79
3529	\x64\x75\x6d\x6d\x79
3530	\x64\x75\x6d\x6d\x79
3531	\x64\x75\x6d\x6d\x79
3532	\x64\x75\x6d\x6d\x79
3533	\x64\x75\x6d\x6d\x79
3534	\x64\x75\x6d\x6d\x79
3535	\x64\x75\x6d\x6d\x79
3536	\x64\x75\x6d\x6d\x79
3537	\x64\x75\x6d\x6d\x79
3538	\x64\x75\x6d\x6d\x79
3539	\x64\x75\x6d\x6d\x79
3540	\x64\x75\x6d\x6d\x79
3541	\x64\x75\x6d\x6d\x79
3542	\x64\x75\x6d\x6d\x79
3543	\x64\x75\x6d\x6d\x79
3544	\x64\x75\x6d\x6d\x79
3545	\x64\x75\x6d\x6d\x79
3546	\x64\x75\x6d\x6d\x79
3547	\x64\x75\x6d\x6d\x79
3548	\x64\x75\x6d\x6d\x79
3549	\x64\x75\x6d\x6d\x79